loopIteration, time (us), axisP[0], axisP[1], axisP[2], axisI[0], axisI[1], axisI[2], axisD[0], axisD[1], axisF[0], axisF[1], axisF[2], rcCommand[0], rcCommand[1], rcCommand[2], rcCommand[3], setpoint[0], setpoint[1], setpoint[2], setpoint[3], vbatLatest (V), amperageLatest (A), rssi, gyroADC[0], gyroADC[1], gyroADC[2], accSmooth[0], accSmooth[1], accSmooth[2], motor[0], motor[1], motor[2], motor[3], energyCumulative (mAh), flightModeFlags (flags), stateFlags (flags), failsafePhase (flags), rxSignalReceived, rxFlightChannelsValid
  0, 46717518,  -2,   5,   9,   0,   0,   0,  -4,  53,   0,   0,   0,   1,   1,  34, 1000,   2,  -7,   8,   0, 242.8, 3.52, 620,   3, -10,   2, 944, -347, 2161, 284, 158, 255, 163, 47836, 0, 0, IDLE, 0, 0
  1, 46718501,  -1,  17,  10,   0,   0,   0,  -2,  82,   0,   0,   0,   1,   1,  34, 1000,   2,  -7,   8,   0, 242.8, 3.52, 620,   2, -18,  -1, 595, -408, 2249, 364, 158, 341, 172, 47928, ANGLE_MODE|MAG, 0, IDLE, 1, 1
  2, 46719485,   5,  19,  13,   0,   0,   0,  10,  87,   0,   0,   0,   1,   1,  34, 1000,   2,  -7,   8,   0, 242.8, 3.52, 620,  -2, -20,  -6,  -4, -330, 2260, 383, 158, 387, 211, 47928, ANGLE_MODE|MAG, 0, IDLE, 1, 1
  3, 46720469,  10,   0,  17,   0,   0,   0,  23,  37,   0,   0,   0,   1,   1,  34, 1000,   2,  -7,   8,   0, 242.8, 3.52, 620,  -5,  -7,  -7, -592, -135, 2133, 259, 158, 290, 252, 47928, ANGLE_MODE|MAG, 0, IDLE, 1, 1
  4, 46721452,   9, -28,  17,   0,   0,   0,  24, -53,   0,   0,   0,   1,   1,  34, 1000,   2,  -7,   8,   0, 242.8, 3.52, 620,  -5,  12,  -3, -1017, 148, 1901, 158, 278, 187, 373, 47928, ANGLE_MODE|MAG, 0, IDLE, 1, 1
  5, 46722436,   2, -41,  15,   0,   0,   0,   7, -114,   0,   0,   0,   1,   1,  34, 1000,   2,  -7,   8,   0, 242.8, 3.52, 620,   0,  20,  -1, -1144, 441, 1788, 170, 433, 158, 479, 47928, ANGLE_MODE|MAG, 0, IDLE, 1, 1
  6, 46723420,  -3, -33,  14,   0,   0,   0, -14, -99,   0,   0,   0,   1,   1,  34, 1000,   2,  -7,   8,   0, 242.8, 3.52, 620,   4,  15,  -1, -783, 574, 1914, 217, 441, 158, 436, 47928, ANGLE_MODE|MAG, 0, IDLE, 1, 1
  7, 46724404,  -2, -25,  13,   0,   0,   0, -17, -53,   0,   0,   0,   1,   1,  34, 1000,   2,  -7,   8,   0, 242.8, 3.52, 620,   3,  10,  -1, -78, 505, 2063, 219, 342, 158, 330, 47928, ANGLE_MODE|MAG, 0, IDLE, 1, 1
  8, 46725386,   0, -22,  12,   0,   0,   0, -11, -18,   0,   0,   0,   1,   1,  34, 1000,   2,  -7,   8,   0, 242.8, 3.52, 620,   2,   8,   0, 643, 237, 2111, 203, 256, 158, 258, 47928, ANGLE_MODE|MAG, 0, IDLE, 1, 1
  9, 46726371,   1, -12,  11,   0,   0,   0,  -3,  13,   0,   0,   0,   1,   1,  34, 1000,   2,  -7,   8,   0, 242.8, 3.52, 620,   1,   1,   1, 1120, -118, 2076, 184, 161, 158, 179, 47928, ANGLE_MODE|MAG, 0, IDLE, 1, 1
 10, 46727355,   3,   4,  11,   0,   0,   0,   3,  58,   0,   0,   0,   1,   1,  34, 1000,   2,  -7,   8,   0, 242.8, 3.52, 620,   0,  -9,   0, 1191, -447, 2085, 295, 158, 284, 189, 47928, ANGLE_MODE|MAG, 0, IDLE, 1, 1
 11, 46728339,   5,  16,  11,   0,   0,   0,   9,  95,   0,   0,   0,   1,   1,  34, 1000,   2,  -7,   8,   0, 242.8, 3.52, 620,  -2, -18,   1, 748, -617, 2117, 389, 158, 395, 206, 47928, ANGLE_MODE|MAG, 0, IDLE, 1, 1
 12, 46729323,   8,  22,  11,   0,   0,   0,  16, 105,   0,   0,   0,   1,   1,  34, 1000,   2,  -7,   8,   0, 242.8, 3.52, 620,  -4, -22,   0, -11, -606, 2108, 418, 158, 443, 223, 47928, ANGLE_MODE|MAG, 0, IDLE, 1, 1
 13, 46730306,  11,  19,  13,   0,   0,   0,  21,  84,   0,   0,   0,   1,   1,  34, 1000,   2,  -7,   8,   0, 242.8, 3.52, 620,  -6, -19,  -5, -11, -606, 2108, 378, 158, 415, 245, 47928, ANGLE_MODE|MAG, 0, IDLE, 1, 1
 14, 46731290,  16,   4,  16,   0,   0,   0,  28,  32,   0,   0,   0,   1,   1,  34, 1000,   2,  -7,   8,   0, 242.8, 3.52, 620,  -9, -10,  -6, -753, -390, 1977, 257, 158, 308, 271, 47928, ANGLE_MODE|MAG, 0, IDLE, 1, 1
 15, 46732274,  14, -23,  17,   0,   0,   0,  26, -51,   0,   0,   0,   1,   1,  34, 1000,   2,  -7,   8,   0, 242.8, 3.52, 620,  -9,   8,  -4, -1174, -18, 1831, 158, 265, 202, 373, 47928, ANGLE_MODE|MAG, 0, IDLE, 1, 1
 16, 46733258,   4, -45,  15,   0,   0,   0,   2, -128,   0,   0,   0,   1,   1,  34, 1000,   2,  -7,   8,   0, 242.8, 4.95, 620,  -1,  23,  -1, -1135, 373, 1781, 174, 471, 158, 513, 47928, ANGLE_MODE|MAG, 0, IDLE, 1, 1
 17, 46734241,  -8, -46,  13,   0,   0,   0, -33, -141,   0,   0,   0,   1,   1,  34, 1000,   2,  -7,   8,   0, 242.8, 4.95, 620,   7,  23,   1, -649, 623, 1847, 259, 588, 158, 536, 47928, ANGLE_MODE|MAG, 0, IDLE, 1, 1
 18, 46735225, -10, -33,  12,   0,   0,   0, -48, -91,   0,   0,   0,   1,   1,  34, 1000,   2,  -7,   8,   0, 230.3, 4.95, 620,   8,  15,   0,  82, 672, 1975, 291, 503, 158, 415, 47928, ANGLE_MODE|MAG, 0, IDLE, 1, 1
 19, 46736208,  -8, -21,  13,   0,   0,   0, -38, -25,   0,   0,   0,   1,   1,  32, 1000,   2,  -7,   8,   0, 230.3, 4.95, 620,   7,   7,  -4, 892, 455, 2111, 269, 332, 158, 271, 47928, ANGLE_MODE|MAG, 0, IDLE, 1, 1
 20, 46737192,  -8,  -7,  13,   0,   0,   0, -28,  34,   0,   0,   0,   1,   1,  32, 1000,   2,  -7,   7,   0, 230.3, 4.95, 620,   7,  -2,   1, 1292,   3, 2203, 276, 201, 184, 158, 47928, ANGLE_MODE|MAG, 0, IDLE, 1, 1
 21, 46738176,  -2,   8,   9,   0,   0,   0,  -9,  82,   0,   0,   0,   1,   1,  32, 1000,   2,  -7,   7,   0, 230.3, 4.95, 620,   3, -12,   4, 1243, -341, 2248, 348, 160, 310, 158, 47928, ANGLE_MODE|MAG, 0, IDLE, 1, 1
 22, 46739160,   5,  18,   8,   0,   0,   0,  14, 108,   0,   0,   0,   1,   1,  32, 1000,   2,  -7,   7,   0, 230.3, 4.95, 620,  -2, -19,   1, 731, -641, 2212, 411, 158, 431, 209, 47928, ANGLE_MODE|MAG, 0, IDLE, 1, 1
 23, 46740157,   8,  16,  10,   0,   0,   0,  26,  98,   0,   0,   0,   1,   1,  32, 1000,   2,  -7,   7,   0, 230.3, 4.95, 620,  -4, -18,  -3, -56, -710, 2058, 393, 158, 438, 241, 47928, ANGLE_MODE|MAG, 0, IDLE, 1, 1
 24, 46741127,  10,   1,  13,   0,   0,   0,  31,  45,   0,   0,   0,   1,   1,  32, 1000,   2,  -7,   7,   0, 230.3, 4.95, 620,  -6,  -7,  -4, -725, -534, 1815, 268, 158, 322, 259, 47928, ANGLE_MODE|MAG, 0, IDLE, 1, 1
 25, 46742112,  10, -19,  14,   0,   0,   0,  26, -30,   0,   0,   0,   1,   1,  32, 1000,   2,  -7,   7,   0, 230.3, 4.95, 620,  -5,   6,  -3, -1252, -168, 1693, 158, 224, 199, 318, 47928, ANGLE_MODE|MAG, 0, IDLE, 1, 1
 26, 46743095,   7, -31,  11,   0,   0,   0,  15, -82,   0,   0,   0,   1,   1,  32, 1000,   2,  -7,   7,   0, 230.3, 4.95, 620,  -3,  14,   4, -1107, 204, 1813, 158, 351, 180, 413, 47928, ANGLE_MODE|MAG, 0, IDLE, 1, 1
 27, 46744079,  -1, -37,  10,   0,   0,   0,  -7, -99,   0,   0,   0,   1,   1,  32, 1000,   2,  -7,   7,   0, 230.3, 4.95, 620,   2,  17,  -1, -614, 462, 1971, 191, 429, 158, 434, 47928, ANGLE_MODE|MAG, 0, IDLE, 1, 1
 28, 46745063,  -8, -36,  10,   0,   0,   0, -29, -85,   0,   0,   0,   1,   1,  32, 1000,   2,  -7,   7,   0, 230.3, 4.95, 620,   7,  17,   0,  37, 569, 2132, 248, 458, 158, 405, 47928, ANGLE_MODE|MAG, 0, IDLE, 1, 1
 29, 46746046,  -8, -29,  10,   0,   0,   0, -35, -49,   0,   0,   0,   1,   1,  32, 1000,   2,  -7,   7,   0, 230.3, 4.95, 620,   7,  12,   0,  37, 569, 2132, 258, 386, 158, 324, 47928, ANGLE_MODE|MAG, 0, IDLE, 1, 1
 30, 46747030,  -3, -15,   9,   0,   0,   0, -19,   3,   0,   0,   0,   1,   1,  32, 1000,   2,  -7,   7,   0, 230.3, 4.95, 620,   3,   3,   2, 677, 415, 2264, 216, 221, 158, 197, 47928, ANGLE_MODE|MAG, 0, IDLE, 1, 1
 31, 46748014,   1,   1,   8,   0,   0,   0,  -1,  58,   0,   0,   0,   1,   1,  32, 1000,   2,  -7,   7,   0, 230.3, 4.95, 620,   1,  -8,   4, 980, 121, 2366, 285, 158, 269, 171, 47928, ANGLE_MODE|MAG, 0, IDLE, 1, 1
128, 46748997,   5,  17,   6,   0,   0,   0,  13, 104,   0,   0,   0,   1,   1,  32, 1000,   2,  -7,   7,   0, 230.3, 4.95, 620,  -2, -19,   5, 815, -165, 2365, 396, 158, 420, 203, 47928, ANGLE_MODE|MAG, 0, IDLE, 1, 1
129, 46749981,  11,  28,   5,   0,   0,   0,  26, 127,   0,   0,   0,   1,   1,  32, 1000,   2,  -7,   7,   0, 230.3, 4.95, 620,  -6, -26,   3, 266, -359, 2261, 460, 158, 520, 237, 47928, ANGLE_MODE|MAG, 0, IDLE, 1, 1
130, 46750965,  15,  23,   6,   0,   0,   0,  36, 108,   0,   0,   0,   1,   1,  32, 1000,   2,  -7,   7,   0, 230.3, 4.95, 620,  -9, -23,   0, -356, -435, 2039, 417, 158, 502, 267, 47928, ANGLE_MODE|MAG, 0, IDLE, 1, 1
131, 46751948,  17,   1,   9,   0,   0,   0,  40,  33,   0,   0,   0,   1,   1,  32, 1000,   2,  -7,   7,   0, 230.3, 4.95, 620, -11,  -8,  -2, -779, -355, 1808, 239, 158, 331, 285, 47928, ANGLE_MODE|MAG, 0, IDLE, 1, 1
132, 46752932,  12, -25,  10,   0,   0,   0,  24, -63,   0,   0,   0,   1,   1,  32, 1000,   2,  -7,   7,   0, 230.3, 2.65, 620,  -7,  10,  -1, -884, -140, 1681, 158, 304, 208, 393, 47928, ANGLE_MODE|MAG, 0, IDLE, 1, 1
133, 46753916,   6, -37,   9,   0,   0,   0,  -1, -122,   0,   0,   0,   1,   1,  32, 1000,   2,  -7,   7,   0, 230.3, 2.65, 620,  -2,  18,   3, -641, 172, 1709, 166, 449, 158, 476, 47928, ANGLE_MODE|MAG, 0, IDLE, 1, 1
134, 46754900,   0, -34,   7,   0,   0,   0, -19, -114,   0,   0,   0,   1,   1,  32, 1000,   2,  -7,   7,   0, 241.7, 2.65, 620,   1,  16,   3, -95, 355, 1837, 207, 473, 158, 451, 47928, ANGLE_MODE|MAG, 0, IDLE, 1, 1
135, 46755883,  -7, -29,   7,   0,   0,   0, -38, -73,   0,   0,   0,   1,   1,  32, 1000,   2,  -7,   7,   0, 241.7, 2.65, 620,   7,  12,   3, 503, 383, 1988, 256, 436, 158, 364, 47928, ANGLE_MODE|MAG, 0, IDLE, 1, 1
136, 46756867, -10, -27,   4,   0,   0,   0, -45, -39,   0,   0,   0,   1,   1,  32, 1000,   2,  -7,   7,   0, 241.7, 2.65, 620,   8,  10,   8, 864, 312, 2063, 270, 385, 158, 289, 47928, ANGLE_MODE|MAG, 0, IDLE, 1, 1
137, 46757851,  -7, -16,   1,   0,   0,   0, -34,  -1,   0,   0,   0,   1,   1,  32, 1000,   2,  -7,   7,   0, 241.7, 2.65, 620,   6,   3,  11, 864, 312, 2063, 236, 268, 158, 192, 47928, ANGLE_MODE|MAG, 0, IDLE, 1, 1
138, 46758835,  -1,   3,  -3,   0,   0,   0, -12,  56,   0,   0,   0,   1,   1,  32, 1000,   2,  -7,   7,   0, 241.7, 2.65, 620,   2, -10,  12, 873,  91, 2066, 293, 187, 275, 158, 47928, ANGLE_MODE|MAG, 0, IDLE, 1, 1
139, 46759820,   3,  14,  -3,   0,   0,   0,   8,  97,   0,   0,   0,   1,   1,  32, 1000,   2,  -7,   7,   0, 241.7, 2.65, 620,  -1, -16,   9, 598, -155, 2015, 360, 158, 387, 172, 47928, ANGLE_MODE|MAG, 0, IDLE, 1, 1
140, 46760802,   5,   7,  -2,   0,   0,   0,  17,  80,   0,   0,   0,   1,   1,  24, 1000,   2,  -7,   7,   0, 241.7, 2.65, 620,  -2, -11,   6, 102, -297, 1888, 318, 158, 363, 195, 47928, ANGLE_MODE|MAG, 0, IDLE, 1, 1
141, 46761786,   7,  -5,  -1,   0,   0,   0,  21,  29,   0,   0,  -1,   1,   1,  24, 1000,   2,  -7,   7,   0, 241.7, 2.65, 620,  -4,  -4,   7, -411, -265, 1749, 200, 158, 257, 207, 47928, ANGLE_MODE|MAG, 0, IDLE, 1, 1
142, 46762770,   9, -15,   0,   0,   0,   0,  23, -17,   0,   0,  -2,   1,   1,  24, 1000,   2,  -7,   6,   0, 241.7, 2.65, 620,  -5,   3,   4, -549, -83, 1789, 158, 223, 223, 279, 47928, ANGLE_MODE|MAG, 0, IDLE, 1, 1
143, 46763753,   8, -27,   4,   0,   0,   0,  18, -56,   0,   0,  -3,   1,   1,  24, 1000,   2,  -7,   6,   0, 241.7, 2.65, 620,  -4,  11,  -1, -298, 159, 1933, 158, 315, 206, 364, 47928, ANGLE_MODE|MAG, 0, IDLE, 1, 1
144, 46764739,   6, -39,   6,   0,   0,   0,   8, -87,   0,   0,  -4,   1,   1,  24, 1000,   2,  -7,   5,   0, 241.7, 2.65, 620,  -2,  18,   1, 125, 429, 2014, 158, 393, 181, 422, 47928, ANGLE_MODE|MAG, 0, IDLE, 1, 1
145, 46765721,   4, -36,   5,   0,   0,   0,   0, -81,   0,   0,  -5,   1,   1,  24, 1000,   2,  -7,   5,   0, 241.7, 2.65, 620,  -1,  16,   2, 125, 429, 2014, 158, 377, 163, 384, 47928, ANGLE_MODE|MAG, 0, IDLE, 1, 1
146, 46766705,  -2, -23,   4,   0,   0,   0, -14, -34,   0,   0,  -5,   1,   1,  24, 1000,   2,  -7,   5,   0, 241.7, 2.65, 620,   3,   8,   4, 536, 532, 2044, 185, 296, 158, 264, 47928, ANGLE_MODE|MAG, 0, IDLE, 1, 1
147, 46767689,  -9, -22,   2,   0,   0,   0, -30,  -2,   0,   0,  -6,   1,   1,  24, 1000,   2,  -7,   5,   0, 241.7, 2.65, 620,   8,   7,   5, 819, 469, 2117, 225, 278, 158, 198, 47928, ANGLE_MODE|MAG, 0, IDLE, 1, 1
148, 46768672, -10, -23,   0,   0,   0,   0, -35,   1,   0,   0,  -6,   1,   1,  24, 1000,   2,  -7,   5,   0, 241.7, 2.65, 620,   9,   8,   9, 747, 323, 2201, 233, 286, 158, 188, 47928, ANGLE_MODE|MAG, 0, IDLE, 1, 1
149, 46769659,  -7,  -2,  -3,   0,   0,   0, -25,  41,   0,   0,  -6,   1,   1,  24, 1000,   2,  -7,   5,   0, 241.7, 2.65, 620,   6,  -6,  10, 310, 100, 2201, 293, 236, 250, 158, 47928, ANGLE_MODE|MAG, 0, IDLE, 1, 1
150, 46770640,  -3,  28,  -5,   0,   0,   0,  -8, 120,   0,   0,  -6,   1,   1,  24, 1000,   2,  -7,   5,   0, 241.7, 2.65, 620,   4, -26,  10, -217, -176, 2091, 458, 200, 457, 158, 47928, ANGLE_MODE|MAG, 0, IDLE, 1, 1
151, 46771623,   1,  31,  -7,   0,   0,   0,   7, 147,   0,   0,  -5,   1,   1,  24, 1000,   2,  -7,   5,   0, 241.7, 2.65, 620,   1, -28,  11, -649, -362, 1898, 481, 165, 518, 158, 47928, ANGLE_MODE|MAG, 0, IDLE, 1, 1
152, 46772607,   7,   9,  -8,   0,   0,   0,  22,  83,   0,   0,  -4,   1,   1,  24, 1000,   2,  -7,   5,   0, 241.7, 2.97, 620,  -3, -13,  11, -950, -368, 1789, 309, 158, 387, 191, 47928, ANGLE_MODE|MAG, 0, IDLE, 1, 1
153, 46773591,  14, -16,  -6,   0,   0,   0,  37, -21,   0,   0,  -3,   1,   1,  24, 1000,   2,  -7,   5,   0, 241.7, 2.97, 620,  -8,   4,   5, -899, -146, 1877, 158, 244, 269, 323, 47928, ANGLE_MODE|MAG, 0, IDLE, 1, 1
154, 46774577,  19, -29,  -3,   0,   0,   0,  48, -89,   0,   0,  -2,   1,   1,  24, 1000,   2,  -7,   5,   0, 241.7, 2.97, 620, -12,  12,   4, -438, 173, 2030, 158, 391, 293, 508, 47928, ANGLE_MODE|MAG, 0, IDLE, 1, 1
155, 46775558,  17, -34,  -1,   0,   0,   0,  41, -106,   0,   0,  -1,   1,   1,  23, 1000,   2,  -7,   5,   0, 239.0, 2.97, 620, -10,  15,   3, 164, 405, 2134, 158, 428, 272, 534, 47928, ANGLE_MODE|MAG, 0, IDLE, 1, 1
156, 46776542,   9, -30,   1,   0,   0,   0,  15, -85,   0,   0,  -1,   1,   1,  23, 1000,   2,  -7,   5,   0, 239.0, 2.97, 620,  -5,  12,   3, 666, 536, 2133, 158, 375, 203, 420, 47928, ANGLE_MODE|MAG, 0, IDLE, 1, 1
157, 46777526,   2, -17,   3,   0,   0,   0, -12, -32,   0,   0,   0,   1,   1,  23, 1000,   2,  -7,   5,   0, 239.0, 2.97, 620,   0,   4,   1, 666, 536, 2133, 182, 272, 158, 256, 47928, ANGLE_MODE|MAG, 0, IDLE, 1, 1
158, 46778510,  -2, -10,   2,   0,   0,   0, -28,  14,   0,   0,   0,   1,   1,  23, 1000,   2,  -7,   5,   0, 239.0, 2.97, 620,   3,  -1,   5, 860, 532, 2155, 222, 211, 162, 158, 47928, ANGLE_MODE|MAG, 0, IDLE, 1, 1
159, 46779495,  -7, -11,   0,   0,   0,   0, -36,  25,   0,   0,   0,   1,   1,  23, 1000,   2,  -7,   5,   0, 239.0, 2.97, 620,   6,   0,   6, 664, 355, 2229, 267, 239, 185, 158, 47928, ANGLE_MODE|MAG, 0, IDLE, 1, 1
256, 46780477, -11,  -5,   0,   0,   0,   0, -43,  32,   0,   0,   0,   1,   1,  15, 1000,   2,  -7,   5,   0, 239.0, 2.97, 620,   9,  -4,   5, 142,  21, 2187, 311, 260, 210, 158, 47928, ANGLE_MODE|MAG, 0, IDLE, 1, 1
257, 46781461,  -8,   5,  -1,   0,   0,   0, -34,  53,   0,   0,  -2,   1,   1,  15, 1000,   2,  -7,   4,   0, 239.0, 2.97, 620,   7, -11,   6, -481, -277, 1974, 348, 244, 274, 158, 47928, ANGLE_MODE|MAG, 0, IDLE, 1, 1
258, 46782445,  -2,   6,  -2,   0,   0,   0, -11,  58,   0,   0,  -5,   1,   1,  15, 1000,   2,  -7,   4,   0, 239.0, 2.97, 620,   3, -12,   6, -864, -421, 1782, 305, 196, 292, 158, 47928, ANGLE_MODE|MAG, 0, IDLE, 1, 1
259, 46783428,  -1,  -1,  -1,   0,   0,   0,   4,  34,   0,   0,  -8,   1,   1,  15, 1000,   2,  -7,   3,   0, 239.0, 2.97, 620,   2,  -7,   3, -952, -501, 1810, 215, 170, 239, 158, 47928, ANGLE_MODE|MAG, 0, IDLE, 1, 1
260, 46784412,   4, -10,   1,   0,   0,   0,  14,  -3,   0,   0, -10,   1,   1,  15, 1000,   2,  -7,   3,   0, 239.0, 2.97, 620,  -1,  -1,   0, -685, -438, 2004, 158, 201, 210, 217, 47928, ANGLE_MODE|MAG, 0, IDLE, 1, 1
261, 46785396,  13, -23,   3,   0,   0,   0,  32, -44,   0,   0, -12,   1,   1,  15, 1000,   2,  -7,   3,   0, 239.0, 2.97, 620,  -7,   8,   0, -173, -115, 2194, 158, 302, 261, 369, 47928, ANGLE_MODE|MAG, 0, IDLE, 1, 1
262, 46786380,  17, -32,   4,   0,   0,   0,  45, -73,   0,   0, -13,   1,   1,  15, 1000,   2,  -7,   3,   0, 239.0, 2.97, 620, -10,  14,  -1, 422, 197, 2302, 158, 374, 293, 473, 47928, ANGLE_MODE|MAG, 0, IDLE, 1, 1
263, 46787363,  11, -32,   6,   0,   0,   0,  32, -72,   0,   0, -14,   1,   1,  15, 1000,   2,  -7,   3,   0, 239.0, 2.97, 620,  -6,  14,  -4, 422, 197, 2302, 158, 370, 255, 437, 47928, ANGLE_MODE|MAG, 0, IDLE, 1, 1
264, 46788347,   5, -21,   8,   0,   0,   0,   6, -37,   0,   0, -14,   1,   1,  15, 1000,   2,  -7,   3,   0, 239.0, 2.97, 620,  -2,   7,  -4, 797, 337, 2338, 158, 280, 189, 288, 47928, ANGLE_MODE|MAG, 0, IDLE, 1, 1
265, 46789331,   2,  -8,   7,   0,   0,   0, -11,  13,   0,   0, -14,   1,   1,  15, 1000,   2,  -7,   3,   0, 239.0, 2.97, 620,   0,  -2,   0, 818, 364, 2318, 184, 190, 180, 158, 47928, ANGLE_MODE|MAG, 0, IDLE, 1, 1
266, 46790314,  -2,   3,   4,   0,   0,   0, -22,  55,   0,   0, -14,   1,   1,  14, 1000,   2,  -7,   3,   0, 239.0, 2.97, 620,   3,  -9,   4, 423, 261, 2239, 313, 223, 289, 158, 47928, ANGLE_MODE|MAG, 0, IDLE, 1, 1
267, 46791298,  -7,  11,   2,   0,   0,   0, -31,  78,   0,   0, -13,   1,   1,  14, 1000,   2,  -7,   3,   0, 239.0, 2.97, 620,   6, -14,   3, -160, -19, 2090, 395, 251, 347, 158, 47928, ANGLE_MODE|MAG, 0, IDLE, 1, 1
268, 46792282,  -5,  11,   1,   0,   0,   0, -28,  74,   0,   0, -10,   1,   1,  14, 1000,   2,  -7,   3,   0, 239.0, 2.97, 620,   5, -15,   2, -702, -359, 1878, 382, 240, 336, 158, 47928, ANGLE_MODE|MAG, 0, IDLE, 1, 1
269, 46793266,   3,   4,   1,   0,   0,   0,  -7,  44,   0,   0,  -8,   1,   1,  14, 1000,   2,  -7,   3,   0, 239.0, 1.62, 620,   0, -10,   1, -1039, -612, 1697, 256, 178, 260, 158, 47928, ANGLE_MODE|MAG, 0, IDLE, 1, 1
270, 46794249,   6,  -4,   2,   0,   0,   0,  13,   5,   0,   0,  -5,   1,   1,  14, 1000,   2,  -7,   3,   0, 239.0, 1.62, 620,  -3,  -5,   0, -1030, -660, 1764, 158, 163, 200, 191, 47928, ANGLE_MODE|MAG, 0, IDLE, 1, 1
271, 46795232,   6, -12,   4,   0,   0,   0,  16, -25,   0,   0,  -3,   1,   1,  14, 1000,   2,  -7,   3,   0, 239.0, 1.62, 620,  -3,   1,  -3, -630, -532, 2015, 158, 228, 198, 270, 47928, ANGLE_MODE|MAG, 0, IDLE, 1, 1
272, 46796217,  10, -22,   6,   0,   0,   0,  20, -54,   0,   0,  -2,   1,   1,  14, 1000,   2,  -7,   2,   0, 244.2, 1.62, 620,  -5,   7,  -4, -15, -245, 2245, 158, 294, 206, 359, 47928, ANGLE_MODE|MAG, 0, IDLE, 1, 1
273, 46797201,  15, -30,   7,   0,   0,   0,  29, -72,   0,   0,  -1,   1,   1,  14, 1000,   2,  -7,   2,   0, 244.2, 1.62, 620,  -9,  12,  -4, 543,  88, 2336, 158, 339, 230, 434, 47928, ANGLE_MODE|MAG, 0, IDLE, 1, 1
274, 46798185,  12, -30,   8,   0,   0,   0,  24, -69,   0,   0,  -1,   1,   1,  14, 1000,   2,  -7,   2,   0, 244.2, 1.62, 620,  -7,  12,  -3, 884, 345, 2335, 158, 331, 213, 413, 47928, ANGLE_MODE|MAG, 0, IDLE, 1, 1
275, 46799168,   4, -21,   8,   0,   0,   0,   0, -37,   0,   0,   0,   1,   1,  14, 1000,   2,  -7,   2,   0, 244.2, 1.62, 620,  -1,   7,  -2, 876, 478, 2329, 163, 259, 158, 282, 47928, ANGLE_MODE|MAG, 0, IDLE, 1, 1
276, 46800150,   0,  -8,   7,   0,   0,   0, -19,  11,   0,   0,   0,   1,   1,  14, 1000,   2,  -7,   2,   0, 244.2, 1.62, 620,   2,  -2,  -2, 876, 478, 2329, 207, 188, 158, 165, 47928, ANGLE_MODE|MAG, 0, IDLE, 1, 1
277, 46801136,  -2,   6,   6,   0,   0,   0, -25,  59,   0,   0,   0,   1,   1,  14, 1000,   2,  -7,   2,   0, 244.2, 1.62, 620,   3, -12,   0, 438, 408, 2273, 331, 197, 271, 158, 47928, ANGLE_MODE|MAG, 0, IDLE, 1, 1
278, 46802119,  -5,  16,   4,   0,   0,   0, -27,  89,   0,   0,   0,   1,   1,  14, 1000,   2,  -7,   2,   0, 244.2, 1.62, 620,   5, -18,   2, -161, 165, 2115, 419, 213, 350, 158, 47928, ANGLE_MODE|MAG, 0, IDLE, 1, 1
279, 46803103,  -6,  15,   3,   0,   0,   0, -27,  84,   0,   0,   0,   1,   1,  14, 1000,   2,  -7,   2,   0, 244.2, 1.62, 620,   6, -17,   1, -666, -136, 1885, 408, 215, 340, 158, 47928, ANGLE_MODE|MAG, 0, IDLE, 1, 1
280, 46804087,  -2,   3,   4,   0,   0,   0, -14,  41,   0,   0,   0,   1,   1,  14, 1000,   2,  -7,   2,   0, 244.2, 1.62, 620,   3,  -9,  -1, -898, -425, 1707, 269, 179, 234, 158, 47928, ANGLE_MODE|MAG, 0, IDLE, 1, 1
281, 46805071,   4, -13,   5,   0,   0,   0,   5, -18,   0,   0,   0,   1,   1,  14, 1000,   2,  -7,   2,   0, 244.2, 1.62, 620,  -1,   1,  -2, -781, -542, 1778, 158, 208, 167, 234, 47928, ANGLE_MODE|MAG, 0, IDLE, 1, 1
282, 46806055,   8, -28,   6,   0,   0,   0,  20, -69,   0,   0,   0,   1,   1,  14, 1000,   2,  -7,   2,   0, 244.2, 1.62, 620,  -4,  11,  -3, -279, -405, 2015, 158, 331, 199, 394, 47928, ANGLE_MODE|MAG, 0, IDLE, 1, 1
283, 46807038,  10, -38,   7,   0,   0,   0,  26, -101,   0,   0,   0,   1,   1,  14, 1000,   2,  -7,   2,   0, 244.2, 1.62, 620,  -6,  18,  -4, 360, -124, 2230, 158, 409, 214, 492, 47928, ANGLE_MODE|MAG, 0, IDLE, 1, 1
284, 46808022,  12, -39,   8,   0,   0,   0,  27, -98,   0,   0,   0,   1,   1,  14, 1000,   2,  -7,   2,   0, 244.2, 1.62, 620,  -7,  19,  -4, 908, 181, 2295, 158, 402, 216, 492, 47928, ANGLE_MODE|MAG, 0, IDLE, 1, 1
285, 46809006,  11, -27,   9,   0,   0,   0,  21, -55,   0,   0,   0,   1,   1,  14, 1000,   2,  -8,   2,   0, 244.2, 1.62, 620,  -6,  10,  -3, 1177, 468, 2270, 158, 296, 200, 372, 47928, ANGLE_MODE|MAG, 0, IDLE, 1, 1
286, 46809991,   5, -10,   7,   0,   0,   0,   2,  12,   0,   0,   0,   1,   1,  14, 1000,   2,  -8,   2,   0, 244.2, 1.62, 620,  -1,  -1,   0, 992, 628, 2241, 176, 158, 175, 185, 47928, ANGLE_MODE|MAG, 0, IDLE, 1, 1
287, 46810973,  -1,   6,   6,   0,   0,   0, -18,  70,   0,   0,   0,   1,   1,  14, 1000,   2,  -8,   2,   0, 244.2, 1.62, 620,   3, -11,   0, 992, 628, 2241, 338, 184, 290, 158, 47928, ANGLE_MODE|MAG, 0, IDLE, 1, 1
384, 46811957,  -7,  14,   5,   0,   0,   0, -33,  98,   0,   0,   0,   1,   1,  14, 1000,   2,  -8,   2,   0, 244.2, 1.62, 620,   7, -17,   1, 390, 597, 2189, 444, 224, 361, 158, 47928, ANGLE_MODE|MAG, 0, IDLE, 1, 1
385, 46812941, -11,  10,   3,   0,   0,   0, -40,  85,   0,   0,   0,   1,   1,  14, 1000,   2,  -7,   2,   0, 244.2, 0.00, 620,   9, -14,   3, -329, 388, 2069, 434, 248, 333, 158, 47928, ANGLE_MODE|MAG, 0, IDLE, 1, 1
386, 46813924,  -9,  -2,   2,   0,   0,   0, -33,  38,   0,   0,   0,   1,   1,  14, 1000,   2,  -7,   2,   0, 244.2, 0.00, 620,   8,  -6,   2, -851,  87, 1868, 306, 235, 223, 158, 47928, ANGLE_MODE|MAG, 0, IDLE, 1, 1
387, 46814910,  -4, -16,   3,   0,   0,   0, -14, -20,   0,   0,   0,   1,   1,  14, 1000,   2,  -7,   2,   0, 244.2, 0.00, 620,   5,   3,  -1, -1030, -209, 1742, 199, 261, 158, 231, 47928, ANGLE_MODE|MAG, 0, IDLE, 1, 1
388, 46815892,   2, -29,   5,   0,   0,   0,   8, -66,   0,   0,   0,   1,   1,  13, 1000,   2,  -7,   2,   0, 242.7, 0.00, 620,   0,  12,  -3, -732, -385, 1874, 158, 330, 168, 357, 47928, ANGLE_MODE|MAG, 0, IDLE, 1, 1
389, 46816876,   8, -39,   6,   0,   0,   0,  27, -95,   0,   0,   0,   1,   1,  13, 1000,   2,  -7,   2,   0, 242.7, 0.00, 620,  -4,  18,  -3, -81, -344, 2086, 158, 400, 213, 478, 47928, ANGLE_MODE|MAG, 0, IDLE, 1, 1
390, 46817859,  13, -38,   7,   0,   0,   0,  39, -87,   0,   0,   0,   1,   1,  13, 1000,   2,  -8,   2,   0, 242.7, 0.00, 620,  -8,  17,  -4, 571, -182, 2216, 158, 381, 243, 494, 47928, ANGLE_MODE|MAG, 0, IDLE, 1, 1
391, 46818843,  16, -28,   8,   0,   0,   0,  42, -47,   0,   0,   0,   1,   1,  13, 1000,   2,  -8,   2,   0, 242.7, 0.00, 620,  -9,  11,  -4, 1071,  68, 2244, 158, 285, 252, 411, 47928, ANGLE_MODE|MAG, 0, IDLE, 1, 1
392, 46819828,  15, -14,   8,   0,   0,   0,  33,   7,   0,   0,   0,   1,   1,  13, 1000,   2,  -8,   2,   0, 242.7, 0.00, 620,  -8,   2,  -1, 1137, 331, 2277, 159, 158, 235, 263, 47928, ANGLE_MODE|MAG, 0, IDLE, 1, 1
393, 46820811,  10,   3,   5,   0,   0,   0,  14,  64,   0,   0,   0,   1,   1,  13, 1000,   2,  -8,   2,   0, 242.7, 0.00, 620,  -5, -10,   1, 681, 459, 2261, 294, 158, 330, 214, 47928, ANGLE_MODE|MAG, 0, IDLE, 1, 1
394, 46821795,   6,  20,   3,   0,   0,   0,  -4, 112,   0,   0,   0,   1,   1,  13, 1000,   2,  -8,   2,   0, 242.7, 0.00, 620,  -2, -21,   2, -76, 457, 2153, 413, 158, 409, 167, 47928, ANGLE_MODE|MAG, 0, IDLE, 1, 1
395, 46822778,   2,  25,   1,   0,   0,   0, -18, 125,   0,   0,   0,   1,   1,  13, 1000,   2,  -8,   2,   0, 242.7, 0.00, 620,   1, -25,   3, -76, 457, 2153, 473, 186, 439, 158, 47928, ANGLE_MODE|MAG, 0, IDLE, 1, 1
396, 46823762,  -2,  16,   1,   0,   0,   0, -28,  89,   0,   0,   0,   1,   1,  13, 1000,   2,  -8,   2,   0, 242.7, 0.00, 620,   3, -19,   2, -786, 306, 1955, 412, 213, 355, 158, 47928, ANGLE_MODE|MAG, 0, IDLE, 1, 1
397, 46824746,  -1,   2,   2,   0,   0,   0, -26,  25,   0,   0,   0,   1,   1,  13, 1000,   2,  -8,   2,   0, 242.7, 0.00, 620,   3,  -9,   0, -1241,  16, 1721, 260, 207, 206, 158, 47928, ANGLE_MODE|MAG, 0, IDLE, 1, 1
398, 46825729,   1, -16,   3,   0,   0,   0, -14, -42,   0,   0,   0,   1,   1,  13, 1000,   2,  -7,   2,   0, 242.7, 0.00, 620,   1,   3,  -1, -1127, -239, 1685, 187, 290, 158, 272, 47928, ANGLE_MODE|MAG, 0, IDLE, 1, 1
399, 46826713,   4, -35,   5,   0,   0,   0,  -2, -101,   0,   0,   0,   1,   1,  13, 1000,   2,  -7,   2,   0, 242.7, 0.00, 620,  -1,  16,  -4, -518, -326, 1876, 164, 411, 158, 424, 47928, ANGLE_MODE|MAG, 0, IDLE, 1, 1
400, 46827697,   7, -47,   7,   0,   0,   0,   9, -135,   0,   0,   0,   1,   1,  13, 1000,   2,  -7,   2,   0, 242.7, 0.00, 620,  -3,  23,  -5, 264, -277, 2116, 158, 488, 175, 533, 47928, ANGLE_MODE|MAG, 0, IDLE, 1, 1
401, 46828681,   9, -44,   8,   0,   0,   0,  16, -118,   0,   0,   0,   1,   1,  13, 1000,   2,  -8,   2,   0, 242.7, 0.00, 620,  -4,  21,  -4, 918, -152, 2248, 158, 449, 189, 511, 47928, ANGLE_MODE|MAG, 0, IDLE, 1, 1
402, 46829666,   8, -33,   8,   0,   0,   0,  13, -65,   0,   0,   0,   1,   1,  13, 1000,   2,  -8,   2,   0, 242.7, 0.00, 620,  -3,  14,  -2, 1254,  55, 2289, 158, 329, 183, 383, 47928, ANGLE_MODE|MAG, 0, IDLE, 1, 1
403, 46830648,   5, -16,   5,   0,   0,   0,   3,   3,   0,   0,   0,   1,   1,  12, 1000,   2,  -8,   2,   0, 242.7, 0.00, 620,  -1,   3,   2, 1022, 300, 2265, 158, 172, 163, 196, 47928, ANGLE_MODE|MAG, 0, IDLE, 1, 1
404, 46831632,   1,   8,   2,   0,   0,   0,  -9,  80,   0,   0,   0,   1,   1,  12, 1000,   2,  -8,   2,   0, 242.7, 0.00, 620,   1, -13,   3, 1022, 300, 2265, 338, 168, 319, 158, 47928, ANGLE_MODE|MAG, 0, IDLE, 1, 1
405, 46832616,  -4,  22,   0,   0,   0,   0, -21, 133,   0,   0,   0,   1,   1,  12, 1000,   2,  -8,   2,   0, 242.7, 0.00, 620,   5, -23,   5, 293, 429, 2120, 499, 207, 451, 158, 47928, ANGLE_MODE|MAG, 0, IDLE, 1, 1
406, 46833599,  -7,  20,  -3,   0,   0,   0, -29, 127,   0,   0,   0,   1,   1,  12, 1000,   2,  -8,   2,   0, 242.7, 0.00, 620,   7, -21,   7, -540, 416, 1936, 503, 231, 441, 158, 47928, ANGLE_MODE|MAG, 0, IDLE, 1, 1
407, 46834585,  -7,   7,  -3,   0,   0,   0, -26,  71,   0,   0,   0,   1,   1,  12, 1000,   2,  -8,   2,   0, 242.7, 0.00, 620,   7, -13,   3, -1152, 290, 1766, 368, 227, 312, 158, 47928, ANGLE_MODE|MAG, 0, IDLE, 1, 1
408, 46835567,  -5,  -9,  -2,   0,   0,   0, -16,  -1,   0,   0,   0,   1,   1,  12, 1000,   2,  -8,   2,   0, 242.7, 0.00, 620,   5,  -1,   1, -1282,  57, 1792, 195, 218, 158, 175, 47928, ANGLE_MODE|MAG, 0, IDLE, 1, 1
409, 46836552,  -1, -34,   1,   0,   0,   0,  -1, -80,   0,   0,   0,   1,   1,  12, 1000,   2,  -8,   2,   0, 243.2, 0.00, 620,   2,  15,  -2, -692, -146, 2003, 164, 378, 158, 375, 47928, ANGLE_MODE|MAG, 0, IDLE, 1, 1
410, 46837534,   4, -54,   3,   0,   0,   0,  15, -145,   0,   0,   0,   1,   1,  12, 1000,   2,  -8,   2,   0, 243.2, 0.00, 620,  -2,  28,  -3, 210, -228, 2218, 158, 527, 188, 570, 47928, ANGLE_MODE|MAG, 0, IDLE, 1, 1
411, 46838518,  10, -55,   5,   0,   0,   0,  30, -149,   0,   0,   0,   1,   1,  12, 1000,   2,  -8,   2,   0, 243.2, 0.00, 620,  -6,  29,  -4, 1077, -210, 2329, 158, 532, 224, 619, 47928, ANGLE_MODE|MAG, 0, IDLE, 1, 1
412, 46839504,  12, -41,   6,   0,   0,   0,  35, -92,   0,   0,   0,   1,   1,  12, 1000,   2,  -8,   2,   0, 243.2, 0.00, 620,  -7,  19,  -3, 1077, -210, 2329, 158, 397, 236, 500, 47928, ANGLE_MODE|MAG, 0, IDLE, 1, 1
413, 46840486,  12, -19,   5,   0,   0,   0,  31,  -4,   0,   0,   0,   1,   1,  12, 1000,   2,  -8,   2,   0, 243.2, 0.00, 620,  -7,   5,   2, 1606, -114, 2358, 158, 193, 230, 284, 47928, ANGLE_MODE|MAG, 0, IDLE, 1, 1
414, 46841469,  13,   9,   1,   0,   0,   0,  24,  91,   0,   0,   0,   1,   1,  12, 1000,   2,  -8,   2,   0, 243.2, 0.00, 620,  -7, -14,   6, 1428,  57, 2373, 350, 158, 419, 229, 47928, ANGLE_MODE|MAG, 0, IDLE, 1, 1
415, 46842453,  10,  35,  -2,   0,   0,   0,  12, 174,   0,   0,   0,   1,   1,  12, 1000,   2,  -8,   2,   0, 243.2, 0.00, 620,  -5, -32,   6, 601, 227, 2276, 549, 158, 594, 195, 47928, ANGLE_MODE|MAG, 0, IDLE, 1, 1
512, 46843437,   6,  43,  -5,   0,   0,   0,  -4, 196,   0,   0,   0,   1,   1,  12, 1000,   2,  -8,   2,   0, 243.2, 0.00, 620,  -2, -37,   8, -470, 320, 2038, 607, 163, 620, 158, 47928, ANGLE_MODE|MAG, 0, IDLE, 1, 1
513, 46844421,   4,  31,  -6,   0,   0,   0, -14, 143,   0,   0,   0,   1,   1,  12, 1000,   2,  -8,   2,   0, 243.2, 0.00, 620,  -1, -28,   7, -1355, 335, 1745, 504, 188, 497, 158, 47928, ANGLE_MODE|MAG, 0, IDLE, 1, 1
514, 46845404,   4,   9,  -5,   0,   0,   0, -14,  45,   0,   0,   0,   1,   1,  12, 1000,   2,  -8,   2,   0, 243.2, 0.00, 620,  -1, -14,   2, -1636, 215, 1574, 279, 185, 269, 158, 47928, ANGLE_MODE|MAG, 0, IDLE, 1, 1
515, 46846388,   2, -22,  -1,   0,   0,   0, -15, -68,   0,   0,   0,   1,   1,  12, 1000,   2,  -8,   2,   0, 243.2, 0.00, 620,   1,   7,  -2, -1187,  -4, 1723, 180, 352, 158, 326, 47928, ANGLE_MODE|MAG, 0, IDLE, 1, 1
516, 46847372,   4, -56,   3,   0,   0,   0, -10, -178,   0,   0,   0,   1,   1,  12, 1000,   2,  -8,   2,   0, 243.2, 0.00, 620,  -1,  29,  -5, -139, -121, 2021, 176, 612, 158, 606, 47928, ANGLE_MODE|MAG, 0, IDLE, 1, 1
517, 46848355,   5, -72,   7,   0,   0,   0,  -3, -231,   0,   0,   0,   1,   1,  12, 1000,   2,  -8,   2,   0, 243.2, 0.00, 620,  -2,  40,  -6, -139, -121, 2021, 166, 725, 158, 744, 47928, ANGLE_MODE|MAG, 0, IDLE, 1, 1
518, 46849341,   5, -65,   9,   0,   0,   0,   1, -193,   0,   0,   0,   1,   1,  12, 1000,   2,  -8,   2,   0, 243.2, 0.00, 620,  -2,  35,  -5, 1013, -177, 2296, 164, 634, 158, 662, 47928, ANGLE_MODE|MAG, 0, IDLE, 1, 1
519, 46850323,   4, -43,   8,   0,   0,   0,  -1, -94,   0,   0,   0,   1,   1,  12, 1000,   2,  -8,   2,   0, 243.2, 0.00, 620,  -1,  20,  -1, 1927, -238, 2473, 167, 411, 158, 432, 47928, ANGLE_MODE|MAG, 0, IDLE, 1, 1
520, 46851307,   1, -11,   4,   0,   0,   0,  -7,  34,   0,   0,   0,   1,   1,  12, 1000,   2,  -8,   2,   0, 243.2, 0.00, 620,   1,  -1,   6, 2153, -193, 2560, 212, 162, 195, 158, 47928, ANGLE_MODE|MAG, 0, IDLE, 1, 1
521, 46852291,  -2,  25,  -2,   0,   0,   0, -14, 161,   0,   0,   0,   1,   1,  12, 1000,   2,  -8,   2,   0, 243.2, 0.00, 620,   4, -25,   9, 1488, -39, 2493, 541, 193, 513, 158, 47928, ANGLE_MODE|MAG, 0, IDLE, 1, 1
522, 46853274,  -4,  43,  -7,   0,   0,   0, -20, 229,   0,   0,   0,   1,   1,  12, 1000,   2,  -8,   2,   0, 243.2, 2.00, 620,   5, -37,  12, 207, 121, 2196, 720, 218, 686, 158, 47928, ANGLE_MODE|MAG, 0, IDLE, 1, 1
523, 46854258,  -4,  39, -10,   0,   0,   0, -17, 206,   0,   0,   0,   1,   1,  12, 1000,   2,  -8,   2,   0, 243.2, 2.00, 620,   5, -34,  11, -1182, 215, 1779, 660, 217, 640, 158, 47928, ANGLE_MODE|MAG, 0, IDLE, 1, 1
524, 46855242,  -2,  16, -10,   0,   0,   0,  -9, 105,   0,   0,   0,   1,   1,  13, 1000,   2,  -8,   2,   0, 243.2, 2.00, 620,   3, -18,   7, -2104, 257, 1471, 406, 197, 404, 158, 47928, ANGLE_MODE|MAG, 0, IDLE, 1, 1
525, 46856226,  -1, -20,  -5,   0,   0,   0,  -2, -33,   0,   0,   0,   1,   1,  13, 1000,   2,  -8,   2,   0, 245.0, 2.00, 620,   3,   5,   0, -2222, 253, 1631, 158, 268, 163, 254, 47928, ANGLE_MODE|MAG, 0, IDLE, 1, 1
526, 46857209,   4, -62,   1,   0,   0,   0,   8, -181,   0,   0,   0,   1,   1,  13, 1000,   2,  -8,   2,   0, 245.0, 2.00, 620,  -1,  33,  -7, -1360, 151, 2058, 158, 616, 178, 641, 47928, ANGLE_MODE|MAG, 0, IDLE, 1, 1
527, 46858193,   7, -80,   8,   0,   0,   0,  19, -255,   0,   0,   0,   1,   1,  13, 1000,   2,  -8,   2,   0, 245.0, 2.00, 620,  -3,  45, -10,  70,  16, 2419, 158, 776, 192, 842, 47928, ANGLE_MODE|MAG, 0, IDLE, 1, 1
528, 46859177,  10, -77,  12,   0,   0,   0,  25, -226,   0,   0,   0,   1,   1,  13, 1000,   2,  -8,   2,   0, 245.0, 2.00, 620,  -5,  43, -10, 1551, -113, 2636, 158, 707, 200, 796, 47928, ANGLE_MODE|MAG, 0, IDLE, 1, 1
529, 46860159,   9, -51,  13,   0,   0,   0,  21, -118,   0,   0,   0,   1,   1,  13, 1000,   2,  -8,   2,   0, 245.0, 2.00, 620,  -4,  25,  -5, 1551, -113, 2636, 158, 453, 190, 534, 47928, ANGLE_MODE|MAG, 0, IDLE, 1, 1
530, 46861144,   8,  -6,   8,   0,   0,   0,  14,  47,   0,   0,   0,   1,   1,  13, 1000,   2,  -8,   2,   0, 245.0, 2.00, 620,  -4,  -4,   4, 2414, -178, 2753, 250, 158, 276, 215, 47928, ANGLE_MODE|MAG, 0, IDLE, 1, 1
531, 46862128,   6,  46,   1,   0,   0,   0,   5, 226,   0,   0,   0,   1,   1,  13, 1000,   2,  -8,   2,   0, 245.0, 2.00, 620,  -2, -39,  10, 2059, -158, 2807, 672, 158, 693, 181, 47928, ANGLE_MODE|MAG, 0, IDLE, 1, 1
532, 46863112,   6,  82,  -7,   0,   0,   0,  -1, 344,   0,   0,   0,   1,   1,  13, 1000,   2,  -8,   2,   0, 245.0, 2.00, 620,  -2, -63,  16, 747, -91, 2624, 953, 162, 976, 158, 47928, ANGLE_MODE|MAG, 0, IDLE, 1, 1
533, 46864095,   6,  90, -14,   0,   0,   0,  -2, 351,   0,   0,   0,   1,   1,  13, 1000,   2,  -8,   2,   0, 245.0, 2.00, 620,  -2, -68,  18, -1003, -16, 2163, 984, 176, 1019, 158, 47928, ANGLE_MODE|MAG, 0, IDLE, 1, 1
534, 46865079,   6,  66, -15,   0,   0,   0,  -1, 238,   0,   0,   0,   1,   1,  13, 1000,   2,  -8,   2,   0, 245.0, 2.00, 620,  -2, -52,  12, -2406,  25, 1574, 722, 177, 762, 158, 47928, ANGLE_MODE|MAG, 0, IDLE, 1, 1
535, 46866063,   9,  13, -11,   0,   0,   0,   4,  29,   0,   0,   0,   1,   1,  13, 1000,   2,  -8,   2,   0, 245.0, 2.00, 620,  -4, -16,   2, -2858, 124, 1169, 219, 158, 263, 163, 47928, ANGLE_MODE|MAG, 0, IDLE, 1, 1
536, 46867047,  12, -49,  -2,   0,   0,   0,  11, -214,   0,   0,   0,   1,   1,  13, 1000,   2,  -7,   2,   0, 245.0, 2.00, 620,  -6,  25,  -9, -2247, 210, 1281, 158, 657, 204, 698, 47928, ANGLE_MODE|MAG, 0, IDLE, 1, 1
537, 46868030,  13, -93,  10,   0,   0,   0,  15, -385,   0,   0,   0,   1,   1,  13, 1000,   2,  -7,   2,   0, 245.0, 2.00, 620,  -7,  54, -16, -615, 163, 1709, 158, 1031, 193, 1102, 47928, ANGLE_MODE|MAG, 0, IDLE, 1, 1
538, 46869015,   7, -106,  16,   0,   0,   0,   4, -414,   0,   0,   0,   1,   1,  13, 1000,   2,  -8,   2,   0, 245.0, 2.00, 620,  -3,  63, -15, 1385, -19, 2252, 169, 1054, 158, 1102, 47928, ANGLE_MODE|MAG, 0, IDLE, 1, 1
539, 46869998,  -1, -90,  17,   0,   0,   0, -18, -316,   0,   0,   0,   1,   1,  13, 1000,   2,  -8,   2,   0, 245.0, 2.00, 620,   3,  52,  -7, 3069, -177, 2805, 227, 964, 158, 959, 47928, ANGLE_MODE|MAG, 0, IDLE, 1, 1
540, 46870982,  -8, -45,  11,   0,   0,   0, -36, -111,   0,   0,   0,   1,   1,  12, 1000,   2,  -8,   2,   0, 245.0, 2.00, 620,   7,  21,   3, 3069, -177, 2805, 262, 536, 158, 474, 47928, ANGLE_MODE|MAG, 0, IDLE, 1, 1
541, 46871966, -14,  13,   1,   0,   0,   0, -50, 135,   0,   0,   0,   1,   1,  12, 1000,   2,  -8,   2,   0, 245.0, 2.00, 620,  12, -17,  15, 3468, -226, 3111, 560, 278, 438, 158, 47928, ANGLE_MODE|MAG, 0, IDLE, 1, 1
542, 46872949, -16,  62, -12,   0,   0,   0, -50, 336,   0,   0,   0,   1,   1,  12, 1000,   2,  -8,   2,   0, 245.0, 6.90, 620,  13, -49,  23, 2519, -337, 3059, 1034, 304, 933, 158, 47928, ANGLE_MODE|MAG, 0, IDLE, 1, 1
543, 46873933, -16,  81, -20,   0,   0,   0, -41, 402,   0,   0,   0,   1,   1,  12, 1000,   2,  -8,   2,   0, 245.0, 6.90, 620,  13, -62,  23, 548, -380, 2471, 1102, 292, 1039, 158, 47928, ANGLE_MODE|MAG, 0, IDLE, 1, 1
640, 46874920, -13,  68, -23,   0,   0,   0, -25, 324,   0,   0,   0,   1,   1,  12, 1000,   2,  -8,   2,   0, 245.0, 6.90, 620,  11, -53,  18, -1725, -192, 1680, 969, 272, 941, 158, 47928, ANGLE_MODE|MAG, 0, IDLE, 1, 1
641, 46875900,  -6,  21, -18,   0,   0,   0,   0, 120,   0,   0,   0,   1,   1,  12, 1000,   2,  -8,   2,   0, 245.0, 6.90, 620,   6, -21,   6, -3405,  81, 878, 436, 204, 459, 158, 47928, ANGLE_MODE|MAG, 0, IDLE, 1, 1
642, 46876884,  -2, -40,  -7,   0,   0,   0,  19, -138,   0,   0,   0,   1,   1,  12, 1000,   2,  -7,   2,   0, 241.1, 6.90, 620,   3,  19,  -7, -3606, 290, 832, 158, 507, 203, 525, 47928, ANGLE_MODE|MAG, 0, IDLE, 1, 1
643, 46877868,   2, -97,   6,   0,   0,   0,  30, -357,   0,   0,   0,   1,   1,  12, 1000,   2,  -7,   2,   0, 241.1, 6.90, 620,   0,  57, -16, -2367, 359, 1520, 158, 1004, 206, 1075, 47928, ANGLE_MODE|MAG, 0, IDLE, 1, 1
644, 46878852,   3, -124,  18,   0,   0,   0,  30, -451,   0,   0,   0,   1,   1,  12, 1000,   2,  -8,   2,   0, 241.1, 6.90, 620,   0,  75, -22, -2737, 408, 2415, 158, 1014, 183, 1102, 47928, ANGLE_MODE|MAG, 0, IDLE, 1, 1
645, 46879838,   3, -122,  26,   0,   0,   0,  25, -394,   0,   0,   0,   1,   1,  12, 1000,   2,  -8,   2,   0, 241.1, 6.90, 620,  -1,  73, -23, -1914, 335, 3158, 158, 1006, 163, 1102, 47928, ANGLE_MODE|MAG, 0, IDLE, 1, 1
646, 46880819,  -2, -71,  28,   0,   0,   0,  10, -193,   0,   0,   0,   1,   1,  12, 1000,   2,  -8,   2,   0, 241.1, 6.90, 620,   3,  39, -16, -1171, 116, 3598, 194, 640, 158, 710, 47928, ANGLE_MODE|MAG, 0, IDLE, 1, 1
647, 46881803,  -3,  -5,  22,   0,   0,   0,  -1,  98,   0,   0,   0,   1,   1,  12, 1000,   2,  -9,   2,   0, 241.1, 6.90, 620,   3,  -6,  -3, -1171, 116, 3598, 375, 158, 326, 191, 47928, ANGLE_MODE|MAG, 0, IDLE, 1, 1
648, 46882787,   0,  66,  10,   0,   0,   0,  -1, 377,   0,   0,   0,   1,   1,  12, 1000,   2,  -9,   2,   0, 241.1, 6.90, 620,   2, -53,  10, -1796, -82, 3743, 1013, 158, 992, 173, 47928, ANGLE_MODE|MAG, 0, IDLE, 1, 1
649, 46883770,   1, 109,  -5,   0,   0,   0,   4, 529,   0,   0,   0,   1,   1,  12, 1000,   2,  -8,   2,   0, 241.1, 6.90, 620,   1, -81,  23, -3392, -277, 3241, 1085, 159, 1102, 158, 47928, ANGLE_MODE|MAG, 0, IDLE, 1, 1
650, 46884756,   0, 124, -19,   0,   0,   0,   3, 529,   0,   0,   0,   1,   1,  12, 1000,   2,  -8,   2,   0, 241.1, 6.90, 620,   1, -90,  30, -5553, -415, 2285, 1061, 187, 1102, 158, 47928, ANGLE_MODE|MAG, 0, IDLE, 1, 1
651, 46885738,   4,  98, -28,   0,   0,   0,   7, 374,   0,   0,   0,   1,   1,  12, 1000,   2,  -8,   2,   0, 241.1, 6.90, 620,  -1, -73,  26, -7617, -459, 1243, 1030, 190, 1102, 158, 47928, ANGLE_MODE|MAG, 0, IDLE, 1, 1
652, 46886722,  10,  34, -23,   0,   0,   0,  21,  94,   0,   0,   0,   1,   1,  12, 1000,   2,  -8,   2,   0, 241.1, 6.90, 620,  -5, -30,   7, -8128, -297, 620, 356, 158, 458, 174, 47928, ANGLE_MODE|MAG, 0, IDLE, 1, 1
653, 46887705,  14, -52,  -9,   0,   0,   0,  31, -264,   0,   0,   0,   1,   1,  12, 1000,   2,  -7,   2,   0, 241.1, 6.90, 620,  -8,  27, -10, -9406, -17, 933, 158, 770, 258, 838, 47928, ANGLE_MODE|MAG, 0, IDLE, 1, 1
654, 46888689,  14, -133,  10,   0,   0,   0,  30, -572,   0,   0,   0,   1,   1,  12, 1000,   2,  -7,   2,   0, 241.1, 6.90, 620,  -8,  81, -25, -11131, 227, 1677, 158, 1008, 218, 1102, 47928, ANGLE_MODE|MAG, 0, IDLE, 1, 1
655, 46889674,  10, -165,  25,   0,   0,   0,  16, -685,   0,   0,   0,   1,   1,  12, 1000,   2,  -8,   2,   0, 241.1, 6.90, 620,  -5, 102, -31, -13079, 346, 2749, 158, 1011, 159, 1102, 47928, ANGLE_MODE|MAG, 0, IDLE, 1, 1
656, 46890657,   3, -146,  35,   0,   0,   0,  -5, -560,   0,   0,   0,   1,   1,  12, 1000,   2,  -8,   2,   0, 241.1, 6.90, 620,  -1,  89, -28, -12839, 344, 3773, 222, 1043, 158, 1102, 47928, ANGLE_MODE|MAG, 0, IDLE, 1, 1
657, 46891641,  -5, -75,  32,   0,   0,   0, -27, -231,   0,   0,   0,   1,   1,  12, 1000,   2,  -8,   2,   0, 241.1, 6.90, 620,   5,  42, -12, -12586, 205, 4211, 279, 798, 158, 799, 47928, ANGLE_MODE|MAG, 0, IDLE, 1, 1
658, 46892624,  -9,   1,  19,   0,   0,   0, -40, 158,   0,   0,   0,   1,   1,  12, 1000,   2,  -9,   2,   0, 241.1, 6.90, 620,   8, -10,   7, -12586, 205, 4211, 551, 214, 422, 158, 47928, ANGLE_MODE|MAG, 0, IDLE, 1, 1
659, 46893608, -20,  77,  -1,   0,   0,   0, -55, 498,   0,   0,   0,   1,   1,  12, 1000,   2,  -9,   2,   0, 241.1, 7.45, 620,  15, -60,  27, -13199, -61, 4074, 1102, 282, 980, 158, 47928, ANGLE_MODE|MAG, 0, IDLE, 1, 1
660, 46894592, -30, 123, -28,   0,   0,   0, -73, 660,   0,   0,   0,   1,   1,  12, 1000,   2,  -9,   2,   0, 241.1, 7.45, 620,  22, -90,  53, -14348, -381, 3165, 1102, 363, 985, 158, 47928, ANGLE_MODE|MAG, 0, IDLE, 1, 1
661, 46895576, -32, 133, -53,   0,   0,   0, -75, 634,   0,   0,   0,   1,   1,  12, 1000,   2,  -8,   2,   0, 241.1, 7.45, 620,  24, -97,  61, -15800, -468, 1947, 1102, 406, 1019, 158, 47928, ANGLE_MODE|MAG, 0, IDLE, 1, 1
662, 46896559, -15,  88, -58,   0,   0,   0, -33, 394,   0,   0,   0,   1,   1,  12, 1000,   2,  -8,   2,   0, 213.2, 7.45, 620,  12, -67,  39, -16635, -484, 977, 1084, 343, 1102, 158, 47928, ANGLE_MODE|MAG, 0, IDLE, 1, 1
663, 46897543,   6,  -7, -43,   0,   0,   0,  34, -17,   0,   0,   0,   1,   1,  12, 1000,   2,  -8,   2,   0, 213.2, 7.45, 620,  -2,  -3,  10, -15531, -273, 844, 158, 285, 314, 277, 47928, ANGLE_MODE|MAG, 0, IDLE, 1, 1
664, 46898527,  21, -118, -18,   0,   0,   0,  88, -491,   0,   0,   0,   1,   1,  12, 1000,   2,  -7,   2,   0, 213.2, 7.45, 620, -13,  71, -15, -15481, 100, 1653, 158, 961, 355, 1102, 47928, ANGLE_MODE|MAG, 0, IDLE, 1, 1
665, 46899511,  21, -197,  11,   0,   0,   0,  93, -821,   0,   0,   0,   1,   1,  12, 1000,   2,  -7,   2,   0, 213.2, 7.45, 620, -13, 123, -38, -16114, 529, 2699, 158, 911, 316, 1102, 47928, ANGLE_MODE|MAG, 0, IDLE, 1, 1
666, 46900494,  19, -208,  37,   0,   0,   0,  71, -835,   0,   0,   0,   1,   1,  11, 1000,   2,  -8,   2,   0, 213.2, 7.45, 620, -11, 130, -49, -17164, 923, 3840, 158, 899, 242, 1102, 47928, ANGLE_MODE|MAG, 0, IDLE, 1, 1
667, 46901478,  19, -144,  48,   0,   0,   0,  47, -528,   0,   0,   0,   1,   1,  11, 1000,   2,  -9,   2,   0, 213.2, 7.45, 620, -12,  87, -36, -17164, 923, 3840, 158, 911, 188, 1102, 47928, ANGLE_MODE|MAG, 0, IDLE, 1, 1
668, 46902462,  26, -43,  45,   0,   0,   0,  46, -25,   0,   0,   0,   1,   1,  11, 1000,   2,  -9,   2,   0, 213.2, 7.45, 620, -16,  20, -21, -16778, 934, 4491, 158, 202, 210, 424, 47928, ANGLE_MODE|MAG, 0, IDLE, 1, 1
669, 46903445,  18,  73,  27,   0,   0,   0,  29, 501,   0,   0,   0,   1,   1,  11, 1000,   2,  -9,   2,   0, 213.2, 7.45, 620, -11, -58,   9, -17006, 720, 4576, 1068, 158, 1102, 286, 47928, ANGLE_MODE|MAG, 0, IDLE, 1, 1
670, 46904430,  -4, 167,  -6,   0,   0,   0, -27, 888,   0,   0,   0,   1,   1,  11, 1000,   2,  -9,   2,   0, 213.2, 7.45, 620,   4, -121,  48, -17759, 323, 4000, 1102, 224, 1057, 158, 47928, ANGLE_MODE|MAG, 0, IDLE, 1, 1
671, 46905413, -22, 219, -45,   0,   0,   0, -87, 1017,   0,   0,   0,   1,   1,  11, 1000,   2,  -8,   2,   0, 213.2, 7.45, 620,  17, -154,  73, -18824, -65, 2800, 1102, 397, 1005, 158, 47928, ANGLE_MODE|MAG, 0, IDLE, 1, 1
768, 46906397, -18, 202, -66,   0,   0,   0, -90, 849,   0,   0,   0,   1,   1,  11, 1000,   2,  -8,   2,   0, 213.2, 7.45, 620,  14, -142,  60, -20048, -469, 1387, 1102, 428, 1037, 158, 47928, ANGLE_MODE|MAG, 0, IDLE, 1, 1
769, 46907380,   1, 121, -64,   0,   0,   0, -34, 413,   0,   0,   0,   1,   1,  11, 1000,   2,  -7,   2,   0, 213.2, 7.45, 620,   1, -87,  36, -20087, -839, 430, 1051, 321, 1102, 158, 47928, ANGLE_MODE|MAG, 0, IDLE, 1, 1
770, 46908364,  15, -20, -43,   0,   0,   0,  27, -212,   0,   0,   0,   1,   1,  11, 1000,   2,  -7,   2,   0, 213.2, 7.45, 620,  -9,   7,   3, -18090, -675,  97, 158, 679, 320, 677, 47928, ANGLE_MODE|MAG, 0, IDLE, 1, 1
771, 46909350,  13, -163, -11,   0,   0,   0,  45, -827,   0,   0,   0,   1,   1,  11, 1000,   2,  -7,   2,   0, 213.2, 7.45, 620,  -7, 102, -30, -17364,   9, 422, 158, 1022, 274, 1102, 47928, ANGLE_MODE|MAG, 0, IDLE, 1, 1
772, 46910332,   7, -250,  25,   0,   0,   0,  25, -1175,   0,   0,   0,   1,   1,  10, 1000,   2,  -7,   2,   0, 213.2, 7.45, 620,  -4, 159, -52, -17488, 571, 1277, 158, 1000, 172, 1102, 47928, ANGLE_MODE|MAG, 0, IDLE, 1, 1
773, 46911315,   7, -250,  52,   0,   0,   0,  11, -1108,   0,   0,   0,   1,   1,  10, 1000,   2,  -8,   2,   0, 213.2, 7.45, 620,  -3, 158, -59, -18157, 752, 2765, 216, 983, 158, 1102, 47928, ANGLE_MODE|MAG, 0, IDLE, 1, 1
774, 46912299,   3, -175,  61,   0,   0,   0,  -1, -677,   0,   0,   0,   1,   1,  10, 1000,   2,  -8,   2,   0, 213.2, 7.45, 620,  -1, 108, -41, -17437, 721, 4090, 257, 996, 158, 1102, 47928, ANGLE_MODE|MAG, 0, IDLE, 1, 1
775, 46913283, -14, -55,  47,   0,   0,   0, -32, -49,   0,   0,   0,   1,   1,  10, 1000,   2,  -9,   2,   0, 213.2, 8.42, 620,  11,  28,  -5, -17437, 721, 4090, 334, 442, 158, 443, 47928, ANGLE_MODE|MAG, 0, IDLE, 1, 1
776, 46914267, -41,  73,  10,   0,   0,   0, -95, 561,   0,   0,   0,   1,   1,  10, 1000,   2,  -9,   2,   0, 213.2, 8.42, 620,  30, -58,  44, -17561, 876, 4656, 1102, 345, 887, 158, 47928, ANGLE_MODE|MAG, 0, IDLE, 1, 1
777, 46915251, -65, 171, -41,   0,   0,   0, -152, 978,   0,   0,   0,   1,   1,  10, 1000,   1,  -9,   2,   0, 213.2, 8.42, 620,  47, -122,  88, -18227, 549, 4244, 1102, 498, 871, 158, 47928, ANGLE_MODE|MAG, 0, IDLE, 1, 1
778, 46916234, -69, 205, -86,   0,   0,   0, -159, 1061,   0,   0,   0,   1,   1,  10, 1000,   1,  -9,   2,   0, 212.3, 8.42, 620,  49, -145, 103, -19217, -215, 2927, 1102, 566, 919, 158, 47928, ANGLE_MODE|MAG, 0, IDLE, 1, 1
779, 46917218, -61, 149, -108,   0,   0,   0, -118, 762,   0,   0,   0,   1,   1,  10, 1000,   1,  -8,   2,   0, 212.3, 8.42, 620,  44, -107,  91, -20378, -1035, 1296, 1102, 558, 1003, 158, 47928, ANGLE_MODE|MAG, 0, IDLE, 1, 1
780, 46918202, -42,  33, -105,   0,   0,   0, -43, 182,   0,   0,   0,   1,   1,  10, 1000,   1,  -7,   2,   0, 212.3, 8.42, 620,  30, -29,  60, -20427, -1380, 241, 724, 518, 761, 158, 47928, ANGLE_MODE|MAG, 0, IDLE, 1, 1
781, 46919185, -12, -113, -78,   0,   0,   0,  54, -485,   0,   0,   0,   1,   1,  10, 1000,   1,  -7,   2,   0, 212.3, 8.42, 620,   9,  68,  18, -20933, -1100, -71, 158, 1102, 354, 1044, 47928, ANGLE_MODE|MAG, 0, IDLE, 1, 1
782, 46920169,  21, -220, -33,   0,   0,   0, 152, -964,   0,   0,   0,   1,   1,  10, 1000,   1,  -7,   2,   0, 212.3, 8.42, 620, -14, 139, -30, -21716, -617, 666, 158, 906, 448, 1102, 47928, ANGLE_MODE|MAG, 0, IDLE, 1, 1
783, 46921153,  44, -260,  16,   0,   0,   0, 213, -1102,   0,   0,   0,   1,   1,  10, 1000,   1,  -8,   2,   0, 212.3, 8.42, 620, -30, 165, -61, -22647,  -6, 2071, 158, 761, 459, 1102, 47928, ANGLE_MODE|MAG, 0, IDLE, 1, 1
784, 46922137,  53, -215,  48,   0,   0,   0, 217, -833,   0,   0,   0,   1,   1,  10, 1000,   1,  -9,   2,   0, 212.3, 8.42, 620, -36, 134, -56, -21229, 693, 3985, 158, 712, 430, 1102, 47928, ANGLE_MODE|MAG, 0, IDLE, 1, 1
785, 46923120,  61, -96,  53,   0,   0,   0, 193, -258,   0,   0,   0,   1,   1,  10, 1000,   1,  -9,   2,   0, 212.3, 8.42, 620, -41,  54, -29, -19661, 1273, 5474, 158, 626, 471, 1102, 47928, ANGLE_MODE|MAG, 0, IDLE, 1, 1
786, 46924104,  66,  57,  36,   0,   0,   0, 163, 448,   0,   0,   0,   1,   1,  10, 1000,   1, -10,   2,   0, 212.3, 8.42, 620, -45, -47,   3, -19661, 1273, 5474, 853, 158, 1102, 501, 47928, ANGLE_MODE|MAG, 0, IDLE, 1, 1
787, 46925088,  54, 192,   0,   0,   0,   0, 106, 1024,   0,   0,   0,   1,   1,  10, 1000,   1, -10,   2,   0, 212.3, 8.42, 620, -36, -138,  48, -19152, 1465, 6024, 873, 158, 1102, 388, 47928, ANGLE_MODE|MAG, 0, IDLE, 1, 1
788, 46926072,  28, 275, -45,   0,   0,   0,   7, 1299,   0,   0,   0,   1,   1,  10, 1000,   2,  -9,   2,   0, 212.3, 8.42, 620, -18, -192,  79, -19347, 1095, 5352, 965, 175, 1102, 158, 47928, ANGLE_MODE|MAG, 0, IDLE, 1, 1
789, 46927055,   3, 282, -76,   0,   0,   0, -90, 1202,   0,   0,   0,   1,   1,  10, 1000,   2,  -8,   2,   0, 212.3, 8.42, 620,  -1, -195,  83, -19990, 400, 3810, 1102, 421, 1085, 158, 47928, ANGLE_MODE|MAG, 0, IDLE, 1, 1
790, 46928039,  -4, 208, -96,   0,   0,   0, -133, 746,   0,   0,   0,   1,   1,  10, 1000,   2,  -7,   2,   0, 212.3, 8.42, 620,   4, -146,  84, -20647, -432, 2131, 1102, 503, 1042, 158, 47928, ANGLE_MODE|MAG, 0, IDLE, 1, 1
791, 46929023,  11,  63, -92,   0,   0,   0, -91,  46,   0,   0,   0,   1,   1,  10, 1000,   2,  -7,   2,   0, 212.3, 8.42, 620,  -6, -49,  48, -20118, -1186, 911, 516, 484, 539, 158, 47928, ANGLE_MODE|MAG, 0, IDLE, 1, 1
792, 46930005,  21, -125, -60,   0,   0,   0, -27, -757,   0,   0,   0,   1,   1,   3, 1000,   2,  -7,   2,   0, 212.3, 8.42, 620, -13,  76,   1, -20263, -1406, 322, 158, 1102, 248, 991, 47928, ANGLE_MODE|MAG, 0, IDLE, 1, 1
793, 46930990,  24, -261, -16,   0,   0,   0,   7, -1335,   0,   0,   0,   1,   1,   3, 1000,   2,  -6,   1,   0, 212.3, 8.42, 620, -15, 167, -38, -20838, -941, 375, 158, 1075, 242, 1102, 47928, ANGLE_MODE|MAG, 0, IDLE, 1, 1
794, 46931974,  28, -296,  24,   0,   0,   0,  22, -1434,   0,   0,   0,   1,   1,   3, 1000,   2,  -7,   1,   0, 212.3, 8.42, 620, -18, 190, -53, -21669, -258, 1442, 158, 975, 204, 1102, 47928, ANGLE_MODE|MAG, 0, IDLE, 1, 1
795, 46932958,  35, -233,  46,   0,   0,   0,  38, -1040,   0,   0,  -1,   1,   1,   3, 1000,   2,  -8,   1,   0, 212.3, 8.42, 620, -22, 147, -47, -20305, 399, 2966, 158, 906, 203, 1102, 47928, ANGLE_MODE|MAG, 0, IDLE, 1, 1
796, 46933942,  37, -102,  47,   0,   0,   0,  43, -334,   0,   0,  -1,   1,   1,   3, 1000,   2,  -9,   1,   0, 212.3, 18.52, 620, -24,  60, -25, -18713, 1169, 4140, 158, 871, 218, 1102, 47928, ANGLE_MODE|MAG, 0, IDLE, 1, 1
797, 46934924,  23,  45,  30,   0,   0,   0,  12, 420,   0,   0,  -1,   1,   1,   3, 1000,   2,  -9,   1,   0, 212.3, 18.52, 620, -14, -39,   6, -18713, 1169, 4140, 1092, 158, 1102, 278, 47928, ANGLE_MODE|MAG, 0, IDLE, 1, 1
798, 46935909,  -2, 167,  -4,   0,   0,   0, -53, 976,   0,   0,  -1,   1,   1,   3, 1000,   2,  -9,   1,   0, 212.3, 18.52, 620,   3, -120,  47, -18225, 1736, 4481, 1102, 260, 1018, 158, 47928, ANGLE_MODE|MAG, 0, IDLE, 1, 1
799, 46936893, -23, 239, -45,   0,   0,   0, -116, 1215,   0,   0,  -1,   1,   1,   3, 1000,   2,  -8,   1,   0, 220.0, 18.52, 620,  18, -167,  75, -18470, 1576, 3825, 1102, 431, 966, 158, 47928, ANGLE_MODE|MAG, 0, IDLE, 1, 1
896, 46937876, -33, 231, -74,   0,   0,   0, -139, 1080,   0,   0,  -1,   1,   1,   3, 1000,   2,  -8,   0,   0, 220.0, 18.52, 620,  25, -161,  75, -19178, 971, 2355, 1102, 506, 966, 158, 47928, ANGLE_MODE|MAG, 0, IDLE, 1, 1
897, 46938860, -35, 139, -83,   0,   0,   0, -126, 582,   0,   0,  -1,   1,   1,   3, 1000,   2,  -7,   0,   0, 220.0, 18.52, 620,  26, -99,  61, -19702, 102, 671, 1102, 508, 993, 158, 47928, ANGLE_MODE|MAG, 0, IDLE, 1, 1
898, 46939844, -35, -23, -74,   0,   0,   0, -99, -154,   0,   0,  -1,   1,   1,   3, 1000,   2,  -7,   0,   0, 220.0, 18.52, 620,  26,   8,  35, -18873, -932, -420, 268, 743, 158, 348, 47928, ANGLE_MODE|MAG, 0, IDLE, 1, 1
899, 46940828, -31, -199, -50,   0,   0,   0, -64, -909,   0,   0,  -1,   1,   1,   3, 1000,   2,  -7,   0,   0, 220.0, 18.52, 620,  23, 126,   4, -18872, -1461, -721, 228, 1102, 158, 870, 47928, ANGLE_MODE|MAG, 0, IDLE, 1, 1
900, 46941812, -19, -318, -15,   0,   0,   0, -19, -1391,   0,   0,  -1,   1,   1,   3, 1000,   2,  -7,   0,   0, 220.0, 18.52, 620,  15, 205, -29, -19407, -1133, -133, 197, 1102, 158, 1008, 47928, ANGLE_MODE|MAG, 0, IDLE, 1, 1
901, 46942795,  -2, -344,  18,   0,   0,   0,  39, -1408,   0,   0,  -1,   1,   1,   3, 1000,   2,  -8,   0,   0, 220.0, 18.52, 620,   3, 220, -47, -20266, -610, 1512, 158, 1007, 190, 1102, 47928, ANGLE_MODE|MAG, 0, IDLE, 1, 1
902, 46943779,   7, -273,  43,   0,   0,   0,  77, -968,   0,   0,   0,   1,   1,   3, 1000,   2,  -9,   0,   0, 220.0, 18.52, 620,  -4, 172, -49, -19131,  69, 3381, 158, 897, 227, 1102, 47928, ANGLE_MODE|MAG, 0, IDLE, 1, 1
903, 46944765,   4, -125,  48,   0,   0,   0,  74, -216,   0,   0,   0,   1,   1,   3, 1000,   2, -10,   0,   0, 220.0, 18.52, 620,  -2,  73, -30, -18190, 876, 4553, 158, 712, 215, 950, 47928, ANGLE_MODE|MAG, 0, IDLE, 1, 1
904, 46945747,  -9,  43,  32,   0,   0,   0,  30, 592,   0,   0,   0,   1,   1,   3, 1000,   2, -10,   0,   0, 220.0, 18.52, 620,   8, -39,   6, -18190, 876, 4553, 1102, 158, 1085, 252, 47928, ANGLE_MODE|MAG, 0, IDLE, 1, 1
905, 46946730, -25, 188,  -4,   0,   0,   0, -27, 1205,   0,   0,   0,   1,   1,   3, 1000,   2, -10,   0,   0, 220.0, 18.52, 620,  19, -135,  48, -18142, 1574, 4661, 1102, 254, 1021, 158, 47928, ANGLE_MODE|MAG, 0, IDLE, 1, 1
906, 46947714, -31, 256, -48,   0,   0,   0, -60, 1426,   0,   0,   0,   1,   1,   3, 1000,   2, -10,   0,   0, 220.0, 18.52, 620,  23, -180,  82, -18675, 1823, 3778, 1102, 381, 1034, 158, 47928, ANGLE_MODE|MAG, 0, IDLE, 1, 1
907, 46948698, -30, 228, -83,   0,   0,   0, -57, 1187,   0,   0,   0,   1,   1,   3, 1000,   1,  -9,   0,   0, 220.0, 18.52, 620,  22, -161,  88, -19561, 1435, 2234, 1102, 431, 1097, 158, 47928, ANGLE_MODE|MAG, 0, IDLE, 1, 1
908, 46949683, -22, 123, -93,   0,   0,   0, -27, 585,   0,   0,   0,   1,   1,   3, 1000,   1,  -8,   0,   0, 220.0, 18.52, 620,  17, -90,  64, -20198, 478, 762, 1033, 385, 1102, 158, 47928, ANGLE_MODE|MAG, 0, IDLE, 1, 1
909, 46950665,  -8, -22, -75,   0,   0,   0,  14, -153,   0,   0,   0,   1,   1,   4, 1000,   1,  -8,   0,   0, 220.0, 18.52, 620,   7,   7,  24, -19710, -593,  84, 158, 631, 312, 500, 47928, ANGLE_MODE|MAG, 0, IDLE, 1, 1
910, 46951649,  10, -164, -38,   0,   0,   0,  62, -811,   0,   0,   0,   1,   1,   4, 1000,   1,  -7,   0,   0, 220.0, 18.52, 620,  -6, 102, -20, -19897, -1336, 288, 158, 1047, 340, 1102, 47928, ANGLE_MODE|MAG, 0, IDLE, 1, 1
911, 46952633,  31, -253,   8,   0,   0,   0, 112, -1178,   0,   0,   0,   1,   1,   4, 1000,   1,  -8,   1,   0, 220.0, 18.52, 620, -20, 161, -56, -20514, -1327, 1254, 158, 880, 356, 1102, 47928, ANGLE_MODE|MAG, 0, IDLE, 1, 1
912, 46953616,  48, -261,  46,   0,   0,   0, 146, -1138,   0,   0,   0,   1,   1,   4, 1000,   1,  -9,   1,   0, 220.0, 7.30, 620, -32, 165, -65, -21384, -841, 2967, 158, 776, 360, 1102, 47928, ANGLE_MODE|MAG, 0, IDLE, 1, 1
913, 46954602,  57, -172,  64,   0,   0,   0, 152, -685,   0,   0,   0,   1,   1,   4, 1000,   1,  -9,   1,   0, 220.0, 7.30, 620, -38, 105, -55, -20280, -169, 4761, 158, 739, 350, 1102, 47928, ANGLE_MODE|MAG, 0, IDLE, 1, 1
914, 46955584,  57,  -4,  62,   0,   0,   0, 131,  80,   0,   0,   0,   1,   1,   4, 1000,   1,  -9,   1,   0, 220.0, 7.30, 620, -38,  -7, -33, -19341, 512, 5662, 420, 158, 657, 631, 47928, ANGLE_MODE|MAG, 0, IDLE, 1, 1
915, 46956568,  45, 169,  40,   0,   0,   0,  77, 860,   0,   0,   0,   1,   1,   4, 1000,   1,  -9,   1,   0, 224.8, 7.30, 620, -30, -122,   6, -19250, 1202, 5615, 979, 158, 1102, 404, 47928, ANGLE_MODE|MAG, 0, IDLE, 1, 1
916, 46957552,  21, 296,  -2,   0,   0,   0,  -8, 1368,   0,   0,   0,   1,   1,   4, 1000,   2,  -9,   1,   0, 224.8, 7.30, 620, -13, -205,  55, -19712, 1542, 4650, 1074, 158, 1102, 178, 47928, ANGLE_MODE|MAG, 0, IDLE, 1, 1
917, 46958535,   0, 335, -52,   0,   0,   0, -86, 1435,   0,   0,   0,   1,   1,   4, 1000,   2,  -8,   1,   0, 224.8, 7.30, 620,   2, -230,  89, -19712, 1542, 4650, 1102, 380, 1047, 158, 47928, ANGLE_MODE|MAG, 0, IDLE, 1, 1
918, 46959521, -15, 283, -87,   0,   0,   0, -132, 1065,   0,   0,   0,   1,   1,   4, 1000,   2,  -7,   1,   0, 224.8, 7.30, 620,  12, -195,  92, -20512, 1376, 2960, 1102, 500, 1016, 158, 47928, ANGLE_MODE|MAG, 0, IDLE, 1, 1
919, 46960503, -21, 150, -97,   0,   0,   0, -138, 364,   0,   0,   0,   1,   1,   4, 1000,   2,  -6,   1,   0, 224.8, 7.30, 620,  16, -106,  65, -20760, 827, 1616, 1102, 525, 1013, 158, 47928, ANGLE_MODE|MAG, 0, IDLE, 1, 1
920, 46961486, -24, -34, -75,   0,   0,   0, -118, -476,   0,   0,   0,   1,   1,   4, 1000,   2,  -6,   1,   0, 224.8, 7.30, 620,  18,  17,  16, -19329,  26, 807, 258, 1102, 158, 783, 47928, ANGLE_MODE|MAG, 0, IDLE, 1, 1
921, 46962470, -24, -207, -29,   0,   0,   0, -90, -1211,   0,   0,   0,   1,   1,   4, 1000,   2,  -5,   1,   0, 224.8, 7.30, 620,  18, 132, -35, -18922, -426, 645, 289, 1102, 158, 882, 47928, ANGLE_MODE|MAG, 0, IDLE, 1, 1
922, 46963454, -21, -299,  23,   0,   0,   0, -61, -1553,   0,   0,   0,   1,   1,   4, 1000,   2,  -5,   1,   0, 224.8, 7.30, 620,  16, 193, -71, -19191, -490, 1186, 328, 1102, 158, 1008, 47928, ANGLE_MODE|MAG, 0, IDLE, 1, 1
923, 46964440, -14, -287,  63,   0,   0,   0, -24, -1383,   0,   0,   0,   1,   1,   4, 1000,   2,  -7,   1,   0, 224.8, 7.30, 620,  12, 184, -79, -19888, -465, 2549, 329, 1061, 158, 1102, 47928, ANGLE_MODE|MAG, 0, IDLE, 1, 1
924, 46965422,  -8, -182,  79,   0,   0,   0,   7, -776,   0,   0,   0,   1,   1,   4, 1000,   2,  -8,   1,   0, 224.8, 7.30, 620,   7, 113, -60, -19033, -217, 3882, 287, 974, 158, 1102, 47928, ANGLE_MODE|MAG, 0, IDLE, 1, 1
925, 46966405,  -7, -24,  71,   0,   0,   0,  23,  40,   0,   0,   0,   1,   1,   4, 1000,   2,  -8,   1,   0, 224.8, 7.30, 620,   6,   8, -31, -19033, -217, 3882, 321, 158, 217, 323, 47928, ANGLE_MODE|MAG, 0, IDLE, 1, 1
926, 46967389, -15, 132,  43,   0,   0,   0,   7, 790,   0,   0,   0,   1,   1,   4, 1000,   2,  -9,   1,   0, 224.8, 7.30, 620,  12, -96,   8, -18721, 474, 4544, 1102, 158, 1013, 219, 47928, ANGLE_MODE|MAG, 0, IDLE, 1, 1
927, 46968373, -30, 254,  -1,   0,   0,   0, -33, 1279,   0,   0,   0,   1,   1,   4, 1000,   1,  -8,   1,   0, 224.8, 7.30, 620,  22, -177,  55, -19060, 1182, 4298, 1102, 265, 999, 158, 47928, ANGLE_MODE|MAG, 0, IDLE, 1, 1
1024, 46969358, -39, 298, -49,   0,   0,   0, -63, 1365,   0,   0,   0,   1,   1,   4, 1000,   1,  -7,   1,   0, 224.8, 7.30, 620,  28, -205,  82, -19806, 1356, 3200, 1102, 394, 1019, 158, 47928, ANGLE_MODE|MAG, 0, IDLE, 1, 1
1025, 46970340, -40, 247, -77,   0,   0,   0, -66, 1025,   0,   0,   0,   1,   1,   4, 1000,   1,  -7,   1,   0, 224.8, 7.30, 620,  29, -171,  76, -20787, 1030, 1460, 1102, 443, 1059, 158, 47928, ANGLE_MODE|MAG, 0, IDLE, 1, 1
1026, 46971324, -29, 112, -81,   0,   0,   0, -32, 339,   0,   0,   0,   1,   1,   4, 1000,   1,  -5,   1,   0, 224.8, 7.30, 620,  21, -80,  51, -20878, 418,  -2, 1067, 410, 1102, 158, 47928, ANGLE_MODE|MAG, 0, IDLE, 1, 1
1027, 46972309, -15, -70, -61,   0,   0,   0,  14, -494,   0,   0,   0,   1,   1,   4, 1000,   1,  -5,   1,   0, 224.8, 7.30, 620,  12,  42,  13, -18988, -149, -746, 158, 1102, 260, 997, 47928, ANGLE_MODE|MAG, 0, IDLE, 1, 1
1028, 46973292,  -3, -226, -26,   0,   0,   0,  56, -1179,   0,   0,   0,   1,   1,   4, 1000,   1,  -5,   1,   0, 224.8, 8.02, 620,   2, 145, -25, -18297, -307, -340, 158, 1055, 294, 1102, 47928, ANGLE_MODE|MAG, 0, IDLE, 1, 1
1029, 46974277,  14, -300,  15,   0,   0,   0,  93, -1449,   0,   0,   0,   1,   1,   4, 1000,   1,  -6,   1,   0, 224.8, 8.02, 620,  -9, 194, -56, -18407, -404, 1195, 158, 911, 301, 1102, 47928, ANGLE_MODE|MAG, 0, IDLE, 1, 1
